INSERT INTO CLIENT_ENTITY (ID, UUID, FIRST_NAME, SECOND_NAME, EMAIL, HASH, CREATED_DATE, IS_DELETED) VALUES (-1, 'client_uuid_1', 'first_name_1', 'second_name_1', 'client_email_1@mail.com', '$2a$10$flldqwXbgRmGFGff.VLR3.5soRebzPOsHkigTGfxHANv2djsFP.N6', '2024-01-04', 0);
INSERT INTO CLIENT_ENTITY (ID, UUID, FIRST_NAME, SECOND_NAME, EMAIL, HASH, CREATED_DATE, IS_DELETED) VALUES (-2, 'client_uuid_2', 'first_name_2', 'second_name_2', 'client_email_2@mail.com', '$2a$10$flldqwXbgRmGFGff.VLR3.5soRebzPOsHkigTGfxHANv2djsFP.N6', '2024-01-04', 0);
INSERT INTO CLIENT_ENTITY (ID, UUID, FIRST_NAME, SECOND_NAME, EMAIL, HASH, CREATED_DATE, IS_DELETED) VALUES (-3, 'client_uuid_3', 'first_name_3', 'second_name_3', 'client_email_3@mail.com', '$2a$10$flldqwXbgRmGFGff.VLR3.5soRebzPOsHkigTGfxHANv2djsFP.N6', '2024-01-04', 0);
INSERT INTO CLIENT_ENTITY (ID, UUID, FIRST_NAME, SECOND_NAME, EMAIL, HASH, CREATED_DATE, IS_DELETED) VALUES (-4, 'client_uuid_4', 'first_name_4', 'second_name_4', 'client_email_4@mail.com', '$2a$10$flldqwXbgRmGFGff.VLR3.5soRebzPOsHkigTGfxHANv2djsFP.N6', '2024-01-04', 0);
INSERT INTO CLIENT_ENTITY (ID, UUID, FIRST_NAME, SECOND_NAME, EMAIL, HASH, CREATED_DATE, IS_DELETED) VALUES (-5, 'client_uuid_5', 'first_name_5', 'second_name_5', 'client_email_5@mail.com', '$2a$10$flldqwXbgRmGFGff.VLR3.5soRebzPOsHkigTGfxHANv2djsFP.N6', '2024-01-04', 0);
INSERT INTO CLIENT_ENTITY (ID, UUID, FIRST_NAME, SECOND_NAME, EMAIL, HASH, CREATED_DATE, IS_DELETED) VALUES (-6, 'client_uuid_6', 'first_name_6', 'second_name_6', 'client_email_6@mail.com', '$2a$10$flldqwXbgRmGFGff.VLR3.5soRebzPOsHkigTGfxHANv2djsFP.N6', '2024-01-04', 0);
INSERT INTO CLIENT_ENTITY (ID, UUID, FIRST_NAME, SECOND_NAME, EMAIL, HASH, CREATED_DATE, IS_DELETED) VALUES (-7, 'client_uuid_7', 'first_name_7', 'second_name_7', 'client_email_7@mail.com', '$2a$10$flldqwXbgRmGFGff.VLR3.5soRebzPOsHkigTGfxHANv2djsFP.N6', '2024-01-04', 0);
INSERT INTO CLIENT_ENTITY (ID, UUID, FIRST_NAME, SECOND_NAME, EMAIL, HASH, CREATED_DATE, IS_DELETED) VALUES (-8, 'client_uuid_8', 'first_name_8', 'second_name_8', 'client_email_8@mail.com', '$2a$10$flldqwXbgRmGFGff.VLR3.5soRebzPOsHkigTGfxHANv2djsFP.N6', '2024-01-04', 0);
INSERT INTO CLIENT_ENTITY (ID, UUID, FIRST_NAME, SECOND_NAME, EMAIL, HASH, CREATED_DATE, IS_DELETED) VALUES (-9, 'client_uuid_9', 'first_name_9', 'second_name_9', 'client_email_9@mail.com', '$2a$10$flldqwXbgRmGFGff.VLR3.5soRebzPOsHkigTGfxHANv2djsFP.N6', '2024-01-04', 0);
INSERT INTO CLIENT_ENTITY (ID, UUID, FIRST_NAME, SECOND_NAME, EMAIL, HASH, CREATED_DATE, IS_DELETED) VALUES (-10, 'client_uuid_10', 'first_name_10', 'second_name_10', 'client_email_10@mail.com', '$2a$10$flldqwXbgRmGFGff.VLR3.5soRebzPOsHkigTGfxHANv2djsFP.N6', '2024-01-04', 0);
INSERT INTO CLIENT_ENTITY (ID, UUID, FIRST_NAME, SECOND_NAME, EMAIL, HASH, CREATED_DATE, IS_DELETED) VALUES (-11, 'client_uuid_11', 'first_name_11', 'second_name_11', 'client_email_11@mail.com', '$2a$10$flldqwXbgRmGFGff.VLR3.5soRebzPOsHkigTGfxHANv2djsFP.N6', '2024-01-04', 0);
INSERT INTO CLIENT_ENTITY (ID, UUID, FIRST_NAME, SECOND_NAME, EMAIL, HASH, CREATED_DATE, IS_DELETED) VALUES (-12, 'client_uuid_12', 'first_name_12', 'second_name_12', 'client_email_12@mail.com', '$2a$10$flldqwXbgRmGFGff.VLR3.5soRebzPOsHkigTGfxHANv2djsFP.N6', '2024-01-04', 0);
INSERT INTO CLIENT_ENTITY (ID, UUID, FIRST_NAME, SECOND_NAME, EMAIL, HASH, CREATED_DATE, IS_DELETED) VALUES (-13, 'client_uuid_13', 'first_name_13', 'second_name_13', 'client_email_13@mail.com', '$2a$10$flldqwXbgRmGFGff.VLR3.5soRebzPOsHkigTGfxHANv2djsFP.N6', '2024-01-04', 0);
INSERT INTO CLIENT_ENTITY (ID, UUID, FIRST_NAME, SECOND_NAME, EMAIL, HASH, CREATED_DATE, IS_DELETED) VALUES (-14, 'client_uuid_14', 'first_name_14', 'second_name_14', 'client_email_14@mail.com', '$2a$10$flldqwXbgRmGFGff.VLR3.5soRebzPOsHkigTGfxHANv2djsFP.N6', '2024-01-04', 0);
INSERT INTO CLIENT_ENTITY (ID, UUID, FIRST_NAME, SECOND_NAME, EMAIL, HASH, CREATED_DATE, IS_DELETED) VALUES (-15, 'client_uuid_15', 'first_name_15', 'second_name_15', 'client_email_15@mail.com', '$2a$10$flldqwXbgRmGFGff.VLR3.5soRebzPOsHkigTGfxHANv2djsFP.N6', '2024-01-04', 0);
INSERT INTO CLIENT_ENTITY (ID, UUID, FIRST_NAME, SECOND_NAME, EMAIL, HASH, CREATED_DATE, IS_DELETED) VALUES (-16, 'client_uuid_16', 'first_name_16', 'second_name_16', 'client_email_16@mail.com', '$2a$10$flldqwXbgRmGFGff.VLR3.5soRebzPOsHkigTGfxHANv2djsFP.N6', '2024-01-04', 0);
INSERT INTO CLIENT_ENTITY (ID, UUID, FIRST_NAME, SECOND_NAME, EMAIL, HASH, CREATED_DATE, IS_DELETED) VALUES (-17, 'client_uuid_17', 'first_name_17', 'second_name_17', 'client_email_17@mail.com', '$2a$10$flldqwXbgRmGFGff.VLR3.5soRebzPOsHkigTGfxHANv2djsFP.N6', '2024-01-04', 0);
INSERT INTO CLIENT_ENTITY (ID, UUID, FIRST_NAME, SECOND_NAME, EMAIL, HASH, CREATED_DATE, IS_DELETED) VALUES (-18, 'client_uuid_18', 'first_name_18', 'second_name_18', 'client_email_18@mail.com', '$2a$10$flldqwXbgRmGFGff.VLR3.5soRebzPOsHkigTGfxHANv2djsFP.N6', '2024-01-04', 0);
INSERT INTO CLIENT_ENTITY (ID, UUID, FIRST_NAME, SECOND_NAME, EMAIL, HASH, CREATED_DATE, IS_DELETED) VALUES (-19, 'client_uuid_19', 'first_name_19', 'second_name_19', 'client_email_19@mail.com', '$2a$10$flldqwXbgRmGFGff.VLR3.5soRebzPOsHkigTGfxHANv2djsFP.N6', '2024-01-04', 0);
INSERT INTO CLIENT_ENTITY (ID, UUID, FIRST_NAME, SECOND_NAME, EMAIL, HASH, CREATED_DATE, IS_DELETED) VALUES (-20, 'client_uuid_20', 'first_name_20', 'second_name_20', 'client_email_20@mail.com', '$2a$10$flldqwXbgRmGFGff.VLR3.5soRebzPOsHkigTGfxHANv2djsFP.N6', '2024-01-04', 0);

INSERT INTO WEIGHT_RECORD_ENTITY (ID, DATE, CLIENT_ID, WEIGHT_VALUE, CREATED_DATE) VALUES (-1, '2024-01-14', -4, '75.6', '2024-01-14');
INSERT INTO WEIGHT_RECORD_ENTITY (ID, DATE, CLIENT_ID, WEIGHT_VALUE, CREATED_DATE) VALUES (-2, '2024-01-25', -5, '78', '2024-01-14');
INSERT INTO WEIGHT_RECORD_ENTITY (ID, DATE, CLIENT_ID, WEIGHT_VALUE, CREATED_DATE) VALUES (-3, '2024-01-26', -6, '73', '2024-01-14');

INSERT INTO PRODUCT_ENTITY (ID, UUID, TITLE, PRODUCER, PROTEINS, FATS, CARBOHYDRATES, CALORIES, VOL, VOLUME, MEASUREMENT, CREATED_DATE, IS_DELETED) VALUES (-1, 'product_uuid_1', 'title_1', 'producer_1', 3.5, 2.1, 33, 100, 3, 100, 'GRAMS', '2024-01-27', 0);
INSERT INTO PRODUCT_ENTITY (ID, UUID, TITLE, PRODUCER, PROTEINS, FATS, CARBOHYDRATES, CALORIES, VOL, VOLUME, MEASUREMENT, CREATED_DATE, IS_DELETED) VALUES (-2, 'product_uuid_2', 'title_2_with_filter', 'producer_2', 10, 5, 10, 100, 3, 100, 'GRAMS', '2024-01-27', 0);

INSERT INTO DIET_SETTING_ENTITY (ID, CLIENT_ID, MAX_PROTEINS, MAX_FATS, MAX_CARBOHYDRATES, MAX_CALORIES, DIET_TYPE, CREATED_DATE, IS_DELETED) VALUES (-1, -14, 50, 50, 50, 850, 'RETENTION', '2024-01-27', 0);
INSERT INTO DIET_SETTING_ENTITY (ID, CLIENT_ID, MAX_PROTEINS, MAX_FATS, MAX_CARBOHYDRATES, MAX_CALORIES, DIET_TYPE, CREATED_DATE, IS_DELETED) VALUES (-2, -15, 50, 50, 50, 850, 'RETENTION', '2024-01-27', 0);
INSERT INTO DIET_SETTING_ENTITY (ID, CLIENT_ID, MAX_PROTEINS, MAX_FATS, MAX_CARBOHYDRATES, MAX_CALORIES, DIET_TYPE, CREATED_DATE, IS_DELETED) VALUES (-3, -16, 50, 50, 50, 850, 'RETENTION', '2024-01-27', 0);
INSERT INTO DIET_SETTING_ENTITY (ID, CLIENT_ID, MAX_PROTEINS, MAX_FATS, MAX_CARBOHYDRATES, MAX_CALORIES, DIET_TYPE, CREATED_DATE, IS_DELETED) VALUES (-4, -17, 50, 50, 50, 850, 'RETENTION', '2024-01-27', 0);
INSERT INTO DIET_SETTING_ENTITY (ID, CLIENT_ID, MAX_PROTEINS, MAX_FATS, MAX_CARBOHYDRATES, MAX_CALORIES, DIET_TYPE, CREATED_DATE, IS_DELETED) VALUES (-5, -18, 50, 50, 50, 850, 'RETENTION', '2024-01-27', 0);
INSERT INTO DIET_SETTING_ENTITY (ID, CLIENT_ID, MAX_PROTEINS, MAX_FATS, MAX_CARBOHYDRATES, MAX_CALORIES, DIET_TYPE, CREATED_DATE, IS_DELETED) VALUES (-6, -19, 50, 50, 50, 850, 'RETENTION', '2024-01-27', 0);

INSERT INTO DIET_RECORD_ENTITY (ID, UUID, CLIENT_ID, PRODUCT_ID, PROTEINS, FATS, CARBOHYDRATES, CALORIES, VOL, VOLUME, DATE, CREATED_DATE) VALUES (-1, 'diet_record_uuid_1', -15, -1, 25, 25, 25, 425, 0, 100, '2024-01-27', '2024-01-27');
INSERT INTO DIET_RECORD_ENTITY (ID, UUID, CLIENT_ID, PRODUCT_ID, PROTEINS, FATS, CARBOHYDRATES, CALORIES, VOL, VOLUME, DATE, CREATED_DATE) VALUES (-2, 'diet_record_uuid_2', -15, -1, 25, 25, 25, 425, 0, 100, '2024-01-28', '2024-01-27');
INSERT INTO DIET_RECORD_ENTITY (ID, UUID, CLIENT_ID, PRODUCT_ID, PROTEINS, FATS, CARBOHYDRATES, CALORIES, VOL, VOLUME, DATE, CREATED_DATE) VALUES (-3, 'diet_record_uuid_3', -15, -1, 25, 25, 25, 425, 0, 100, '2024-01-28', '2024-01-27');
INSERT INTO DIET_RECORD_ENTITY (ID, UUID, CLIENT_ID, PRODUCT_ID, PROTEINS, FATS, CARBOHYDRATES, CALORIES, VOL, VOLUME, DATE, CREATED_DATE) VALUES (-4, 'diet_record_uuid_4', -16, -1, 25, 25, 25, 425, 0, 100, '2024-01-27', '2024-01-27');
INSERT INTO DIET_RECORD_ENTITY (ID, UUID, CLIENT_ID, PRODUCT_ID, PROTEINS, FATS, CARBOHYDRATES, CALORIES, VOL, VOLUME, DATE, CREATED_DATE) VALUES (-5, 'diet_record_uuid_5', -17, -1, 25, 25, 25, 425, 0, 100, '2024-01-27', '2024-01-27');
INSERT INTO DIET_RECORD_ENTITY (ID, UUID, CLIENT_ID, PRODUCT_ID, PROTEINS, FATS, CARBOHYDRATES, CALORIES, VOL, VOLUME, DATE, CREATED_DATE) VALUES (-6, 'diet_record_uuid_6', -17, -1, 25, 25, 25, 425, 0, 100, '2024-01-27', '2024-01-27');
INSERT INTO DIET_RECORD_ENTITY (ID, UUID, CLIENT_ID, PRODUCT_ID, PROTEINS, FATS, CARBOHYDRATES, CALORIES, VOL, VOLUME, DATE, CREATED_DATE) VALUES (-7, 'diet_record_uuid_7', -19, -1, 10, 0, 0, 120, 0, 100, '2024-01-27', '2024-01-27');
INSERT INTO DIET_RECORD_ENTITY (ID, UUID, CLIENT_ID, PRODUCT_ID, PROTEINS, FATS, CARBOHYDRATES, CALORIES, VOL, VOLUME, DATE, CREATED_DATE) VALUES (-8, 'diet_record_uuid_8', -19, -1, 0, 0, 15, 100, 0, 100, '2024-01-27', '2024-01-27');
INSERT INTO DIET_RECORD_ENTITY (ID, UUID, CLIENT_ID, PRODUCT_ID, PROTEINS, FATS, CARBOHYDRATES, CALORIES, VOL, VOLUME, DATE, CREATED_DATE) VALUES (-9, 'diet_record_uuid_9', -19, -1, 0, 20, 0, 190, 0, 100, '2024-01-27', '2024-01-27');